d,ref_d,matches,wins,losses,draws,win_rate,ci_lo,ci_hi,avg_ticks
0.00,0.50,320,20,300,0,0.062,0.041,0.095,2943.6
0.10,0.50,320,42,278,0,0.131,0.099,0.173,2951.1
0.20,0.50,320,48,271,1,0.152,0.116,0.195,2951.1
0.30,0.50,320,67,253,0,0.209,0.168,0.257,3037.4
0.40,0.50,320,87,233,0,0.272,0.226,0.323,3068.3
0.50,0.50,320,150,170,0,0.469,0.415,0.523,3203.9
0.60,0.50,320,210,110,0,0.656,0.603,0.706,3109.6
0.70,0.50,320,219,101,0,0.684,0.632,0.733,2907.3
0.80,0.50,320,244,76,0,0.762,0.713,0.806,2765.9
0.90,0.50,320,245,75,0,0.766,0.716,0.809,2583.5
1.00,0.50,320,264,56,0,0.825,0.780,0.863,2608.2
