player_d,variant,matches,player_win_rate,ci_lo,ci_hi,bot_d_end_mean,adjustments_mean,probe_estimate_mean,rating_end
0.10,on,100,0.460,0.366,0.557,0.133,4.63,0.336,0.290
0.10,off,100,0.140,0.085,0.221,0.500,0.00,0.336,0.369
0.30,on,100,0.590,0.492,0.681,0.257,5.72,0.226,0.356
0.30,off,100,0.230,0.158,0.322,0.500,0.00,0.226,0.357
0.50,on,100,0.570,0.472,0.663,0.414,6.49,0.366,0.356
0.50,off,100,0.580,0.482,0.672,0.500,0.00,0.366,0.524
0.70,on,100,0.620,0.522,0.709,0.638,6.40,0.576,0.852
0.70,off,100,0.690,0.594,0.772,0.500,0.00,0.576,0.504
0.90,on,100,0.700,0.604,0.781,0.753,5.30,0.690,0.923
0.90,off,100,0.780,0.689,0.850,0.500,0.00,0.690,0.570
